{
  "target": {
    "Q1": -0.00135,
    "Q2": {
      "1": 0.67977,
      "2": 0.49594,
      "3": 0.40508,
      "4": 0.39564
    },
    "Q3": 10,
    "Q4": 211,
    "Q5": 208,
    "Q6": {
      "Good": 15,
      "Normal": 35,
      "Bad": 75,
      "Very bad": 500
    }
  }
}